{"cameraMode":{"drawMode":0,"name":"Shaded","section":"Shading Mode"},"sceneLighting":true,"audioPlay":false,"sceneViewState":{"m_AlwaysRefresh":false,"showFog":true,"showSkybox":true,"showFlares":true,"showImageEffects":true,"showParticleSystems":true,"showVisualEffectGraphs":true,"m_FxEnabled":true},"in2DMode":false,"pivot":{"x":3.8890647888183595,"y":-21.060754776000978,"z":14.603649139404297},"rotation":{"x":0.12849298119544984,"y":0.8521692752838135,"z":-0.4429956376552582,"w":0.2471621334552765},"size":17.828161239624025,"orthographic":false}